route_highway_2_x,route_highway_2_y,route_highway_1_x,route_highway_1_y,route_highway_0_x,route_highway_0_y,route_merging_0_x,route_merging_0_y,route_merging_1_x,route_merging_1_y,others_x,others_y
216598.92,452568.18,216595.73,452568,216592.53,452567.8,216487.88,452460.59,216487.98,452463.79,1,1
216598.98,452567.19,216595.79,452567.01,216592.59,452566.81,216488.87,452460.57,216488.98,452463.76,1,1
216599.04,452566.2,216595.85,452566.02,216592.65,452565.82,216489.85,452460.55,216489.97,452463.74,1,1
216599.1,452565.21,216595.91,452565.04,216592.71,452564.83,216490.84,452460.53,216490.96,452463.72,1,1
216599.16,452564.23,216595.97,452564.05,216592.77,452563.84,216491.84,452460.51,216491.96,452463.7,1,1
216599.22,452563.24,216596.03,452563.06,216592.83,452562.86,216492.83,452460.49,216492.95,452463.68,1,1
216599.28,452562.24,216596.09,452562.06,216592.89,452561.87,216493.82,452460.47,216493.95,452463.66,1,1
216599.34,452561.25,216596.15,452561.08,216592.95,452560.87,216494.81,452460.44,216494.95,452463.64,1,1
216599.4,452560.25,216596.21,452560.09,216593.01,452559.88,216495.8,452460.42,216495.94,452463.62,1,1
216599.47,452559.25,216596.27,452559.09,216593.07,452558.89,216496.79,452460.4,216496.94,452463.6,1,1
216599.53,452558.26,216596.33,452558.11,216593.13,452557.9,216497.78,452460.38,216497.94,452463.58,1,1
216599.59,452557.28,216596.39,452557.12,216593.19,452556.91,216498.76,452460.36,216498.94,452463.56,1,1
216599.65,452556.29,216596.45,452556.13,216593.25,452555.92,216499.75,452460.36,216499.93,452463.56,1,1
216599.71,452555.29,216596.51,452555.14,216593.31,452554.94,216500.74,452460.36,216500.93,452463.56,1,1
216599.77,452554.3,216596.57,452554.15,216593.37,452553.95,216501.73,452460.36,216501.93,452463.56,1,1
216599.83,452553.3,216596.63,452553.16,216593.43,452552.95,216502.72,452460.36,216502.93,452463.56,1,1
216599.89,452552.31,216596.69,452552.17,216593.49,452551.95,216503.7,452460.36,216503.92,452463.56,1,1
216599.95,452551.33,216596.75,452551.17,216593.55,452550.97,216504.68,452460.36,216504.92,452463.56,1,1
216600.01,452550.34,216596.81,452550.18,216593.61,452549.98,216505.67,452460.36,216505.92,452463.56,1,1
216600.07,452549.35,216596.87,452549.18,216593.67,452548.99,216506.65,452460.36,216506.92,452463.56,1,1
216600.13,452548.36,216596.93,452548.19,216593.73,452547.99,216507.63,452460.36,216507.92,452463.56,1,1
216600.19,452547.37,216596.99,452547.2,216593.79,452547.01,216508.62,452460.36,216508.91,452463.56,1,1
216600.25,452546.37,216597.05,452546.21,216593.85,452546.01,216509.61,452460.36,216509.9,452463.56,1,1
216600.31,452545.38,216597.11,452545.22,216593.91,452545.02,216510.59,452460.36,216510.9,452463.56,1,1
216600.37,452544.39,216597.17,452544.24,216593.97,452544.03,216511.58,452460.35,216511.89,452463.55,1,1
216600.43,452543.39,216597.23,452543.25,216594.03,452543.04,216512.57,452460.35,216512.89,452463.55,1,1
216600.48,452542.39,216597.28,452542.27,216594.08,452542.06,216513.56,452460.35,216513.89,452463.55,1,1
216600.53,452541.4,216597.33,452541.28,216594.13,452541.06,216514.55,452460.35,216514.88,452463.55,1,1
216600.57,452540.4,216597.37,452540.28,216594.17,452540.08,216515.55,452460.35,216515.88,452463.55,1,1
216600.61,452539.41,216597.41,452539.29,216594.21,452539.08,216516.54,452460.35,216516.88,452463.55,1,1
216600.66,452538.42,216597.45,452538.3,216594.26,452538.1,216517.53,452460.35,216517.88,452463.55,1,1
216600.7,452537.43,216597.5,452537.31,216594.3,452537.11,216518.53,452460.35,216518.88,452463.55,1,1
216600.74,452536.43,216597.54,452536.32,216594.34,452536.11,216519.51,452460.35,216519.87,452463.55,1,1
216600.79,452535.44,216597.58,452535.32,216594.39,452535.12,216520.51,452460.35,216520.87,452463.55,1,1
216600.83,452534.44,216597.63,452534.33,216594.43,452534.13,216521.5,452460.35,216521.88,452463.55,1,1
216600.87,452533.45,216597.67,452533.34,216594.47,452533.14,216522.5,452460.35,216522.88,452463.55,1,1
216600.92,452532.46,216597.71,452532.36,216594.52,452532.15,216523.48,452460.35,216523.87,452463.55,1,1
216600.96,452531.47,216597.76,452531.37,216594.56,452531.16,216524.47,452460.34,216524.86,452463.53,1,1
216601,452530.48,216597.8,452530.37,216594.6,452530.16,216525.46,452460.31,216525.85,452463.49,1,1
216601.05,452529.48,216597.84,452529.38,216594.64,452529.18,216526.44,452460.27,216526.85,452463.46,1,1
216601.09,452528.48,216597.89,452528.39,216594.69,452528.19,216527.43,452460.24,216527.84,452463.43,1,1
216601.13,452527.49,216597.93,452527.4,216594.73,452527.19,216528.41,452460.21,216528.84,452463.39,1,1
216601.18,452526.49,216597.97,452526.4,216594.77,452526.21,216529.4,452460.17,216529.84,452463.36,1,1
216601.22,452525.49,216598.02,452525.41,216594.82,452525.22,216530.38,452460.14,216530.84,452463.32,1,1
216601.26,452524.49,216598.06,452524.42,216594.86,452524.23,216531.37,452460.11,216531.83,452463.29,1,1
216601.31,452523.5,216598.1,452523.42,216594.9,452523.24,216532.37,452460.07,216532.82,452463.26,1,1
216601.35,452522.5,216598.14,452522.43,216594.95,452522.25,216533.36,452460.04,216533.83,452463.22,1,1
216601.39,452521.5,216598.19,452521.44,216594.99,452521.26,216534.35,452460.01,216534.83,452463.19,1,1
216601.43,452520.52,216598.23,452520.45,216595.03,452520.28,216535.33,452459.98,216535.83,452463.16,1,1
216601.48,452519.52,216598.27,452519.46,216595.07,452519.29,216536.32,452459.94,216536.82,452463.12,1,1
216601.52,452518.53,216598.32,452518.47,216595.12,452518.3,216537.3,452459.91,216537.81,452463.09,1,1
216601.56,452517.54,216598.36,452517.48,216595.16,452517.3,216538.28,452459.88,216538.8,452463.05,1,1
216601.61,452516.55,216598.4,452516.48,216595.2,452516.32,216539.28,452459.84,216539.8,452463.02,1,1
216601.65,452515.56,216598.45,452515.49,216595.25,452515.33,216540.26,452459.81,216540.8,452462.99,1,1
216601.69,452514.57,216598.49,452514.5,216595.29,452514.34,216541.25,452459.78,216541.79,452462.95,1,1
216601.74,452513.57,216598.53,452513.5,216595.33,452513.35,216542.23,452459.74,216542.78,452462.92,1,1
216601.78,452512.57,216598.58,452512.52,216595.38,452512.36,216543.22,452459.71,216543.78,452462.89,1,1
216601.82,452511.58,216598.62,452511.53,216595.42,452511.36,216544.21,452459.68,216544.78,452462.85,1,1
216601.87,452510.58,216598.66,452510.54,216595.46,452510.37,216545.19,452459.64,216545.77,452462.82,1,1
216601.91,452509.59,216598.71,452509.54,216595.51,452509.38,216546.17,452459.57,216546.76,452462.71,1,1
216601.95,452508.6,216598.75,452508.54,216595.55,452508.39,216547.14,452459.37,216547.74,452462.51,1,1
216602,452507.61,216598.79,452507.55,216595.59,452507.4,216548.11,452459.17,216548.71,452462.3,1,1
216602.04,452506.61,216598.83,452506.56,216595.63,452506.41,216549.08,452458.96,216549.69,452462.1,1,1
216602.08,452505.62,216598.88,452505.57,216595.68,452505.43,216550.05,452458.76,216550.66,452461.9,1,1
216602.13,452504.62,216598.92,452504.58,216595.72,452504.44,216551.01,452458.56,216551.63,452461.7,1,1
216602.17,452503.63,216598.96,452503.6,216595.76,452503.45,216551.98,452458.36,216552.61,452461.49,1,1
216602.21,452502.64,216599.01,452502.6,216595.81,452502.47,216552.95,452458.16,216553.59,452461.29,1,1
216602.25,452501.65,216599.05,452501.6,216595.85,452501.49,216553.92,452457.95,216554.56,452461.08,1,1
216602.3,452500.66,216599.09,452500.61,216595.89,452500.5,216554.89,452457.75,216555.53,452460.88,1,1
216602.34,452499.66,216599.14,452499.62,216595.94,452499.51,216555.85,452457.55,216556.51,452460.68,1,1
216602.38,452498.67,216599.18,452498.63,216595.98,452498.51,216556.81,452457.35,216557.48,452460.48,1,1
216602.43,452497.68,216599.22,452497.63,216596.02,452497.51,216557.78,452457.15,216558.45,452460.28,1,1
216602.47,452496.69,216599.27,452496.64,216596.07,452496.53,216558.75,452456.95,216559.44,452460.07,1,1
216602.51,452495.7,216599.31,452495.64,216596.11,452495.53,216559.57,452456.72,216560.54,452459.77,1,1
216602.56,452494.71,216599.35,452494.65,216596.15,452494.54,216560.49,452456.45,216561.52,452459.48,1,1
216602.6,452493.71,216599.4,452493.66,216596.19,452493.55,216561.41,452456.19,216562.51,452459.2,1,1
216602.64,452492.72,216599.44,452492.67,216596.24,452492.55,216562.34,452455.92,216563.49,452458.92,1,1
216602.69,452491.72,216599.48,452491.67,216596.28,452491.57,216563.27,452455.65,216564.48,452458.63,1,1
216602.73,452490.73,216599.53,452490.68,216596.32,452490.58,216564.18,452455.39,216565.47,452458.35,1,1
216602.77,452489.74,216599.57,452489.68,216596.37,452489.59,216565.08,452455.08,216566.43,452457.99,1,1
216602.81,452488.75,216599.61,452488.69,216596.41,452488.61,216565.98,452454.74,216567.39,452457.63,1,1
216602.86,452487.76,216599.66,452487.69,216596.45,452487.61,216566.88,452454.4,216568.34,452457.27,1,1
216602.9,452486.77,216599.7,452486.7,216596.5,452486.62,216567.78,452454.07,216569.3,452456.91,1,1
216602.94,452485.77,216599.74,452485.7,216596.54,452485.63,216568.68,452453.73,216570.26,452456.55,1,1
216602.99,452484.78,216599.78,452484.71,216596.58,452484.64,216569.57,452453.4,216571.22,452456.2,1,1
216603.03,452483.79,216599.83,452483.72,216596.63,452483.65,216570.47,452453.06,216572.18,452455.83,1,1
216603.07,452482.79,216599.87,452482.72,216596.67,452482.65,216571.37,452452.72,216573.14,452455.48,1,1
216603.12,452481.8,216599.91,452481.73,216596.71,452481.66,216572.24,452452.32,216574.02,452454.98,1,1
216603.16,452480.81,216599.96,452480.74,216596.76,452480.66,216573.01,452451.74,216574.84,452454.37,1,1
216603.2,452479.82,216600,452479.75,216596.8,452479.68,216573.78,452451.17,216575.66,452453.76,1,1
216603.25,452478.83,216600.04,452478.77,216596.84,452478.69,216574.55,452450.59,216576.48,452453.15,1,1
216603.29,452477.84,216600.09,452477.78,216596.88,452477.7,216575.32,452450.02,216577.31,452452.53,1,1
216603.33,452476.85,216600.13,452476.79,216596.93,452476.71,216576.09,452449.45,216578.13,452451.92,1,1
216603.38,452475.85,216600.17,452475.79,216596.97,452475.72,216576.86,452448.88,216578.96,452451.31,1,1
216603.42,452474.86,216600.22,452474.79,216597.01,452474.74,216577.64,452448.3,216579.78,452450.7,1,1
216603.46,452473.87,216600.26,452473.8,216597.06,452473.75,216578.4,452447.73,216580.59,452450.09,1,1
216603.5,452472.87,216600.3,452472.81,216597.1,452472.76,216579.16,452447.13,216581.38,452449.44,1,1
216603.55,452471.88,216600.35,452471.82,216597.14,452471.76,216579.82,452446.43,216582.09,452448.69,1,1
216603.59,452470.88,216600.39,452470.83,216597.19,452470.77,216580.48,452445.73,216582.8,452447.95,1,1
216603.63,452469.88,216600.43,452469.84,216597.23,452469.78,216581.15,452445.03,216583.5,452447.2,1,1
216603.68,452468.9,216600.47,452468.86,216597.27,452468.79,216581.81,452444.33,216584.2,452446.45,1,1
216603.72,452467.9,216600.52,452467.87,216597.32,452467.8,216582.46,452443.63,216584.91,452445.71,1,1
216603.76,452466.9,216600.56,452466.88,216597.36,452466.81,216583.04,452442.88,216585.53,452444.89,1,1
216603.81,452465.91,216600.6,452465.89,216597.4,452465.82,216583.62,452442.1,216586.14,452444.07,1,1
216603.85,452464.92,216600.65,452464.9,216597.44,452464.83,216584.19,452441.33,216586.75,452443.24,1,1
216603.89,452463.92,216600.69,452463.91,216597.49,452463.84,216584.76,452440.56,216587.36,452442.41,1,1
216603.94,452462.93,216600.73,452462.91,216597.53,452462.85,216585.33,452439.79,216587.97,452441.59,1,1
216603.98,452461.94,216600.78,452461.92,216597.57,452461.85,216585.9,452439.02,216588.58,452440.76,1,1
216604.02,452460.94,216600.82,452460.92,216597.62,452460.86,216586.47,452438.25,216589.19,452439.94,1,1
216604.07,452459.96,216600.86,452459.93,216597.66,452459.87,216586.84,452437.37,216589.63,452439.03,1,1
216604.11,452458.97,216600.91,452458.93,216597.7,452458.88,216587.17,452436.46,216589.98,452438.07,1,1
216604.14,452457.98,216600.93,452457.94,216597.73,452457.89,216587.5,452435.56,216590.33,452437.1,1,1
216604.16,452456.98,216600.96,452456.94,216597.76,452456.89,216587.82,452434.66,216590.68,452436.14,1,1
216604.19,452455.98,216600.98,452455.96,216597.78,452455.91,216588.15,452433.76,216591.03,452435.18,1,1
216604.21,452454.98,216601.01,452454.97,216597.81,452454.92,216588.46,452432.89,216591.38,452434.22,1,1
216604.24,452454,216601.04,452453.98,216597.84,452453.93,216588.76,452432.06,216591.72,452433.26,1,1
216604.26,452453.01,216601.06,452452.99,216597.86,452452.95,216589.05,452431.27,216592.07,452432.3,1,1
216604.29,452452.01,216601.09,452451.99,216597.89,452451.96,216589.32,452430.51,216592.42,452431.34,1,1
216604.32,452451.02,216601.11,452450.99,216597.91,452450.97,216589.59,452429.79,216592.77,452430.38,1,1
216604.34,452450.03,216601.14,452450,216597.94,452449.98,216589.83,452429.11,216593.12,452429.42,1,1
216604.37,452449.04,216601.17,452449.01,216597.96,452448.98,216590.07,452428.46,216593.47,452428.46,1,1
216604.39,452448.04,216601.19,452448.02,216597.99,452447.99,216590.29,452427.85,216593.81,452427.5,1,1
216604.42,452447.05,216601.22,452447.03,216598.02,452447,216590.5,452427.27,216594.12,452426.52,1,1
216604.45,452446.06,216601.24,452446.03,216598.04,452446,216590.69,452426.73,216594.33,452425.51,1,1
216604.47,452445.06,216601.27,452445.03,216598.07,452445,216590.9,452426.17,216594.54,452424.51,1,1
216604.5,452444.07,216601.3,452444.04,216598.09,452444.01,216591.06,452425.56,216594.74,452423.51,1,1
216604.52,452443.08,216601.32,452443.05,216598.12,452443.02,216591.19,452424.91,216594.94,452422.53,1,1
216604.55,452442.08,216601.35,452442.06,216598.15,452442.04,216591.33,452424.24,216595.14,452421.55,1,1
216604.57,452441.09,216601.37,452441.06,216598.17,452441.05,216591.47,452423.54,216595.34,452420.57,1,1
216604.6,452440.1,216601.4,452440.07,216598.2,452440.05,216591.62,452422.82,216595.53,452419.59,1,1
216604.63,452439.1,216601.43,452439.07,216598.22,452439.06,216591.77,452422.06,216595.73,452418.62,1,1
216604.65,452438.11,216601.45,452438.08,216598.25,452438.08,216591.93,452421.28,216595.93,452417.64,1,1
216604.68,452437.13,216601.48,452437.09,216598.28,452437.08,216592.09,452420.48,216596.12,452416.67,1,1
216604.7,452436.14,216601.5,452436.11,216598.3,452436.09,216592.26,452419.66,216596.32,452415.69,1,1
216604.73,452435.15,216601.53,452435.12,216598.33,452435.1,216592.43,452418.82,216596.52,452414.72,1,1
216604.76,452434.16,216601.55,452434.13,216598.35,452434.11,216592.6,452417.96,216596.69,452413.74,1,1
216604.78,452433.17,216601.58,452433.13,216598.38,452433.12,216592.78,452417.07,216596.87,452412.75,1,1
216604.81,452432.17,216601.61,452432.15,216598.4,452432.13,216592.97,452416.16,216597.04,452411.77,1,1
216604.83,452431.18,216601.63,452431.15,216598.43,452431.15,216593.15,452415.23,216597.21,452410.79,1,1
216604.86,452430.19,216601.66,452430.16,216598.46,452430.15,216593.35,452414.27,216597.39,452409.8,1,1
216604.88,452429.2,216601.68,452429.16,216598.48,452429.16,216593.53,452413.3,216597.56,452408.81,1,1
216604.91,452428.21,216601.71,452428.17,216598.51,452428.16,216593.7,452412.32,216597.73,452407.82,1,1
216604.94,452427.21,216601.74,452427.18,216598.53,452427.18,216593.88,452411.34,216597.9,452406.84,1,1
216604.96,452426.22,216601.76,452426.18,216598.56,452426.18,216594.05,452410.37,216598.08,452405.86,1,1
216604.99,452425.23,216601.79,452425.19,216598.59,452425.18,216594.22,452409.4,216598.25,452404.88,1,1
216605.01,452424.24,216601.81,452424.2,216598.61,452424.19,216594.39,452408.44,216598.42,452403.9,1,1
216605.06,452423.24,216601.86,452423.21,216598.66,452423.2,216594.56,452407.47,216598.59,452402.92,1,1
216605.11,452422.25,216601.91,452422.22,216598.71,452422.22,216594.73,452406.5,216598.73,452401.92,1,1
216605.17,452421.26,216601.97,452421.23,216598.76,452421.23,216594.9,452405.53,216598.86,452400.93,1,1
216605.22,452420.28,216602.02,452420.23,216598.82,452420.24,216595.08,452404.56,216598.98,452399.94,1,1
216605.27,452419.29,216602.07,452419.25,216598.87,452419.25,216595.25,452403.59,216599.11,452398.96,1,1
216605.33,452418.3,216602.13,452418.26,216598.92,452418.26,216595.42,452402.62,216599.24,452397.96,1,1
216605.38,452417.3,216602.18,452417.26,216598.98,452417.27,216595.56,452401.64,216599.37,452396.97,1,1
216605.43,452416.32,216602.23,452416.27,216599.03,452416.27,216595.68,452400.66,216599.49,452395.98,1,1
216605.49,452415.33,216602.29,452415.28,216599.08,452415.29,216595.81,452399.69,216599.62,452394.99,1,1
216605.54,452414.33,216602.34,452414.28,216599.14,452414.3,216595.94,452398.7,216599.75,452394,1,1
216605.59,452413.34,216602.39,452413.3,216599.19,452413.3,216596.06,452397.73,216599.87,452393.01,1,1
216605.65,452412.36,216602.45,452412.31,216599.24,452412.31,216596.19,452396.75,216600,452392.01,1,1
216605.7,452411.36,216602.5,452411.31,216599.3,452411.32,216596.31,452395.78,216600.13,452391.03,1,1
216605.75,452410.38,216602.55,452410.33,216599.35,452410.33,216596.44,452394.8,216600.26,452390.03,1,1
216605.81,452409.39,216602.61,452409.33,216599.4,452409.34,216596.57,452393.82,216600.38,452389.04,1,1
216605.86,452408.4,216602.66,452408.34,216599.46,452408.35,216596.69,452392.83,216600.44,452388.04,1,1
216605.91,452407.4,216602.71,452407.34,216599.51,452407.36,216596.82,452391.86,216600.5,452387.04,1,1
216605.97,452406.41,216602.77,452406.36,216599.56,452406.36,216596.95,452390.88,216600.56,452386.04,1,1
216606.02,452405.41,216602.82,452405.36,216599.62,452405.37,216597.07,452389.9,216600.62,452385.05,1,1
216606.07,452404.42,216602.87,452404.37,216599.67,452404.38,216597.19,452388.93,216600.69,452384.05,1,1
216606.13,452403.43,216602.93,452403.37,216599.72,452403.38,216597.25,452387.95,216600.75,452383.06,1,1
216606.18,452402.44,216602.98,452402.38,216599.78,452402.39,216597.31,452386.97,216600.81,452382.05,1,1
216606.23,452401.45,216603.03,452401.39,216599.83,452401.4,216597.37,452385.98,216600.87,452381.06,1,1
216606.29,452400.46,216603.09,452400.39,216599.88,452400.42,216597.43,452384.99,216600.93,452380.07,1,1
216606.34,452399.47,216603.14,452399.41,216599.94,452399.43,216597.49,452384,216600.99,452379.07,1,1
216606.39,452398.49,216603.19,452398.42,216599.99,452398.44,216597.55,452383.01,216601.06,452378.08,1,1
216606.45,452397.5,216603.25,452397.43,216600.04,452397.44,216597.62,452382.02,216601.12,452377.08,1,1
216606.5,452396.51,216603.3,452396.43,216600.1,452396.45,216597.67,452381.04,216601.18,452376.09,1,1
216606.55,452395.52,216603.35,452395.45,216600.15,452395.45,216597.73,452380.06,216601.24,452375.08,1,1
216606.61,452394.53,216603.41,452394.45,216600.2,452394.47,216597.79,452379.08,216601.29,452374.09,1,1
216606.66,452393.54,216603.46,452393.47,216600.26,452393.47,216597.85,452378.1,216601.31,452373.1,1,1
216606.71,452392.55,216603.51,452392.47,216600.31,452392.48,216597.91,452377.11,216601.33,452372.1,1,1
216606.77,452391.56,216603.57,452391.48,216600.36,452391.49,216597.97,452376.13,216601.34,452371.11,1,1
216606.82,452390.57,216603.62,452390.49,216600.42,452390.49,216598.03,452375.14,216601.36,452370.11,1,1
216606.87,452389.57,216603.67,452389.5,216600.47,452389.5,216598.08,452374.15,216601.38,452369.12,1,1
216606.93,452388.59,216603.73,452388.51,216600.52,452388.51,216598.1,452373.17,216601.4,452368.14,1,1
216606.98,452387.6,216603.78,452387.52,216600.58,452387.53,216598.12,452372.18,216601.42,452367.15,1,1
216607.03,452386.61,216603.83,452386.52,216600.63,452386.53,216598.14,452371.19,216601.44,452366.16,1,1
216607.09,452385.61,216603.89,452385.53,216600.68,452385.54,216598.16,452370.2,216601.46,452365.16,1,1
216607.14,452384.63,216603.94,452384.54,216600.74,452384.54,216598.18,452369.21,216601.48,452364.17,1,1
216607.19,452383.63,216603.99,452383.56,216600.79,452383.54,216598.2,452368.22,216601.5,452363.19,1,1
216607.25,452382.64,216604.05,452382.56,216600.84,452382.55,216598.22,452367.22,216601.52,452362.19,1,1
216607.3,452381.65,216604.1,452381.57,216600.9,452381.56,216598.24,452366.23,216601.54,452361.2,1,1
216607.35,452380.66,216604.15,452380.58,216600.95,452380.57,216598.26,452365.23,216601.56,452360.2,1,1
216607.41,452379.67,216604.21,452379.59,216601,452379.58,216598.28,452364.24,216601.57,452359.21,1,1
216607.46,452378.67,216604.26,452378.6,216601.06,452378.58,216598.3,452363.25,216601.59,452358.21,1,1
216607.51,452377.68,216604.31,452377.61,216601.11,452377.59,216598.31,452362.25,216601.6,452357.22,1,1
216607.57,452376.69,216604.37,452376.62,216601.16,452376.61,216598.33,452361.25,216601.61,452356.23,1,1
216607.62,452375.7,216604.42,452375.64,216601.22,452375.62,216598.35,452360.25,216601.63,452355.23,1,1
216607.67,452374.71,216604.47,452374.65,216601.27,452374.63,216598.37,452359.26,216601.64,452354.24,1,1
216607.7,452373.72,216604.5,452373.65,216601.3,452373.65,216598.39,452358.27,216601.65,452353.25,1,1
216607.72,452372.73,216604.52,452372.67,216601.31,452372.65,216598.4,452357.28,216601.66,452352.26,1,1
216607.73,452371.74,216604.53,452371.67,216601.33,452371.66,216598.41,452356.29,216601.67,452351.26,1,1
216607.75,452370.74,216604.55,452370.68,216601.35,452370.67,216598.42,452355.3,216601.69,452350.27,1,1
216607.77,452369.74,216604.57,452369.68,216601.37,452369.67,216598.44,452354.32,216601.7,452349.27,1,1
216607.79,452368.75,216604.59,452368.69,216601.39,452368.68,216598.45,452353.33,216601.71,452348.27,1,1
216607.81,452367.75,216604.61,452367.69,216601.41,452367.69,216598.46,452352.33,216601.72,452347.28,1,1
216607.83,452366.76,216604.63,452366.7,216601.43,452366.71,216598.47,452351.34,216601.73,452346.29,1,1
216607.85,452365.76,216604.65,452365.71,216601.45,452365.71,216598.48,452350.34,216601.75,452345.3,1,1
216607.87,452364.77,216604.67,452364.73,216601.47,452364.72,216598.5,452349.35,216601.76,452344.3,1,1
216607.89,452363.78,216604.69,452363.73,216601.49,452363.73,216598.51,452348.35,216601.77,452343.31,1,1
216607.91,452362.78,216604.71,452362.74,216601.51,452362.74,216598.52,452347.36,216601.78,452342.32,1,1
216607.93,452361.79,216604.73,452361.74,216601.53,452361.75,216598.53,452346.37,216601.8,452341.32,1,1
216607.95,452360.8,216604.75,452360.76,216601.54,452360.75,216598.54,452345.39,216601.81,452340.33,1,1
216607.97,452359.8,216604.76,452359.77,216601.56,452359.76,216598.56,452344.4,216601.82,452339.34,1,1
216607.98,452358.81,216604.78,452358.78,216601.58,452358.77,216598.57,452343.41,216601.83,452338.35,1,1
216607.99,452357.81,216604.79,452357.79,216601.59,452357.77,216598.58,452342.42,216601.84,452337.35,1,1
216608.01,452356.82,216604.81,452356.8,216601.61,452356.77,216598.59,452341.44,216601.86,452336.37,1,1
216608.02,452355.82,216604.82,452355.8,216601.62,452355.79,216598.61,452340.44,216601.87,452335.37,1,1
216608.03,452354.83,216604.83,452354.81,216601.63,452354.79,216598.62,452339.45,216601.88,452334.38,1,1
216608.04,452353.83,216604.84,452353.81,216601.64,452353.8,216598.63,452338.46,216601.89,452333.39,1,1
216608.06,452352.84,216604.86,452352.82,216601.65,452352.8,216598.64,452337.48,216601.9,452332.39,1,1
216608.07,452351.85,216604.87,452351.84,216601.67,452351.81,216598.65,452336.48,216601.92,452331.4,1,1
216608.08,452350.86,216604.88,452350.85,216601.68,452350.82,216598.67,452335.49,216601.93,452330.4,1,1
216608.09,452349.87,216604.89,452349.85,216601.69,452349.82,216598.68,452334.51,216601.94,452329.41,1,1
216608.1,452348.87,216604.9,452348.85,216601.7,452348.82,216598.69,452333.51,216601.95,452328.41,1,1
216608.12,452347.88,216604.92,452347.86,216601.72,452347.82,216598.7,452332.52,216601.96,452327.42,1,1
216608.13,452346.89,216604.93,452346.87,216601.73,452346.83,216598.71,452331.52,216601.98,452326.44,1,1
216608.14,452345.89,216604.94,452345.87,216601.74,452345.84,216598.73,452330.53,216601.99,452325.44,1,1
216608.15,452344.9,216604.95,452344.88,216601.75,452344.86,216598.74,452329.54,216602,452324.45,1,1
216608.16,452343.91,216604.96,452343.89,216601.76,452343.86,216598.75,452328.54,216602.01,452323.46,1,1
216608.18,452342.91,216604.98,452342.89,216601.78,452342.87,216598.76,452327.55,216602.03,452322.46,1,1
216608.19,452341.92,216604.99,452341.9,216601.79,452341.88,216598.77,452326.56,216602.04,452321.47,1,1
216608.2,452340.93,216605,452340.91,216601.8,452340.88,216598.79,452325.57,216602.05,452320.48,1,1
216608.21,452339.94,216605.01,452339.91,216601.81,452339.89,216598.8,452324.58,216602.06,452319.48,1,1
216608.23,452338.94,216605.03,452338.92,216601.82,452338.9,216598.81,452323.59,216602.07,452318.49,1,1
216608.24,452337.94,216605.04,452337.93,216601.84,452337.91,216598.82,452322.59,216602.09,452317.5,1,1
216608.25,452336.96,216605.05,452336.94,216601.85,452336.91,216598.84,452321.59,216602.1,452316.51,1,1
216608.26,452335.96,216605.06,452335.94,216601.86,452335.92,216598.85,452320.6,216602.11,452315.51,1,1
216608.27,452334.98,216605.07,452334.95,216601.87,452334.93,216598.86,452319.61,216602.12,452314.51,1,1
216608.29,452333.98,216605.09,452333.96,216601.89,452333.93,216598.87,452318.62,216602.13,452313.52,1,1
216608.3,452332.99,216605.1,452332.98,216601.9,452332.94,216598.88,452317.62,216602.15,452312.52,1,1
216608.31,452332,216605.11,452331.99,216601.91,452331.95,216598.9,452316.62,216602.16,452311.53,1,1
216608.32,452331,216605.12,452331,216601.92,452330.95,216598.91,452315.63,216602.17,452310.53,1,1
216608.33,452330.01,216605.13,452330.01,216601.93,452329.96,216598.92,452314.63,216602.18,452309.55,1,1
216608.35,452329.01,216605.15,452329.02,216601.95,452328.96,216598.93,452313.64,216602.2,452308.56,1,1
216608.36,452328.02,216605.16,452328.03,216601.96,452327.97,216598.94,452312.65,216602.21,452307.56,1,1
216608.37,452327.02,216605.17,452327.05,216601.97,452326.98,216598.96,452311.65,216602.22,452306.58,1,1
216608.38,452326.03,216605.18,452326.06,216601.98,452325.99,216598.97,452310.66,216602.23,452305.58,1,1
216608.4,452325.05,216605.19,452325.06,216601.99,452325,216598.98,452309.66,216602.24,452304.58,1,1
216608.41,452324.05,216605.21,452324.06,216602.01,452324.01,216598.99,452308.67,216602.26,452303.59,1,1
216608.42,452323.06,216605.22,452323.08,216602.02,452323.01,216599.01,452307.68,216602.27,452302.6,1,1
216608.43,452322.07,216605.23,452322.08,216602.03,452322.02,216599.02,452306.68,216602.28,452301.61,1,1
216608.44,452321.08,216605.24,452321.09,216602.04,452321.03,216599.03,452305.7,216602.29,452300.62,1,1
216608.46,452320.08,216605.25,452320.1,216602.06,452320.03,216599.04,452304.7,216602.3,452299.62,1,1
216608.47,452319.09,216605.27,452319.11,216602.07,452319.04,216599.05,452303.71,216602.32,452298.62,1,1
216608.48,452318.1,216605.28,452318.12,216602.08,452318.04,216599.07,452302.71,216602.33,452297.63,1,1
216608.49,452317.11,216605.29,452317.12,216602.09,452317.06,216599.08,452301.73,216602.34,452296.63,1,1
216608.5,452316.11,216605.3,452316.13,216602.1,452316.06,216599.09,452300.73,216602.35,452295.63,1,1
216608.52,452315.12,216605.32,452315.14,216602.12,452315.06,216599.1,452299.74,216602.37,452294.64,1,1
216608.53,452314.13,216605.33,452314.15,216602.13,452314.07,216599.11,452298.75,216602.37,452293.69,1,1
216608.54,452313.13,216605.34,452313.16,216602.14,452313.07,216599.13,452297.76,216602.36,452292.7,1,1
216608.55,452312.14,216605.35,452312.17,216602.15,452312.08,216599.14,452296.76,216602.35,452291.7,1,1
216608.57,452311.14,216605.36,452311.18,216602.16,452311.09,216599.15,452295.76,216602.34,452290.71,1,1
216608.58,452310.15,216605.38,452310.19,216602.18,452310.09,216599.16,452294.78,216602.33,452289.72,1,1
216608.59,452309.16,216605.39,452309.19,216602.19,452309.1,216599.17,452293.88,216602.32,452288.72,1,1
216608.6,452308.16,216605.4,452308.2,216602.2,452308.11,216599.16,452292.89,216602.31,452287.73,1,1
216608.61,452307.17,216605.41,452307.21,216602.21,452307.12,216599.15,452291.9,216602.3,452286.74,1,1
216608.63,452306.18,216605.42,452306.21,216602.23,452306.13,216599.14,452290.91,216602.29,452285.75,1,1
216608.64,452305.19,216605.44,452305.22,216602.24,452305.13,216599.13,452289.92,216602.28,452284.76,1,1
216608.65,452304.19,216605.45,452304.24,216602.25,452304.14,216599.12,452288.93,216602.28,452283.76,1,1
216608.66,452303.2,216605.46,452303.25,216602.26,452303.15,216599.11,452287.93,216602.27,452282.78,1,1
216608.67,452302.21,216605.47,452302.26,216602.27,452302.16,216599.1,452286.94,216602.26,452281.78,1,1
216608.69,452301.21,216605.49,452301.26,216602.29,452301.17,216599.1,452285.96,216602.25,452280.79,1,1
216608.7,452300.22,216605.5,452300.26,216602.3,452300.17,216599.09,452284.96,216602.24,452279.8,1,1
216608.71,452299.23,216605.51,452299.26,216602.31,452299.17,216599.08,452283.96,216602.23,452278.8,1,1
216608.72,452298.24,216605.52,452298.26,216602.32,452298.18,216599.07,452282.98,216602.22,452277.81,1,1
216608.73,452297.25,216605.53,452297.26,216602.33,452297.18,216599.06,452281.98,216602.21,452276.82,1,1
216608.75,452296.25,216605.55,452296.27,216602.35,452296.19,216599.05,452280.99,216602.2,452275.83,1,1
216608.76,452295.26,216605.56,452295.28,216602.36,452295.19,216599.04,452280,216602.19,452274.83,1,1
216608.77,452294.23,216605.57,452294.29,216602.37,452294.2,216599.03,452279.01,216602.18,452273.84,1,1
216608.76,452293.16,216605.56,452293.27,216602.36,452293.25,216599.02,452278.01,216602.17,452272.84,1,1
216608.75,452292.17,216605.55,452292.28,216602.35,452292.25,216599.01,452277.02,216602.17,452271.84,1,1
216608.74,452291.17,216605.55,452291.29,216602.34,452291.25,216599,452276.04,216602.16,452270.86,1,1
216608.74,452290.17,216605.54,452290.29,216602.34,452290.27,216599,452275.04,216602.15,452269.87,1,1
216608.73,452289.19,216605.53,452289.3,216602.33,452289.27,216598.99,452274.06,216602.14,452268.88,1,1
216608.72,452288.2,216605.52,452288.31,216602.32,452288.28,216598.98,452273.07,216602.13,452267.89,1,1
216608.71,452287.21,216605.51,452287.32,216602.31,452287.29,216598.97,452272.08,216602.12,452266.9,1,1
216608.7,452286.21,216605.5,452286.33,216602.3,452286.29,216598.96,452271.08,216602.11,452265.9,1,1
216608.69,452285.22,216605.49,452285.33,216602.29,452285.3,216598.95,452270.09,216602.1,452264.9,1,1
216608.68,452284.22,216605.48,452284.34,216602.28,452284.32,216598.94,452269.1,216602.09,452263.91,1,1
216608.67,452283.23,216605.47,452283.34,216602.27,452283.32,216598.93,452268.11,216602.08,452262.91,1,1
216608.66,452282.23,216605.46,452282.35,216602.26,452282.33,216598.92,452267.12,216602.07,452261.92,1,1
216608.65,452281.25,216605.45,452281.35,216602.25,452281.34,216598.91,452266.13,216602.07,452260.93,1,1
216608.64,452280.25,216605.44,452280.36,216602.24,452280.35,216598.9,452265.14,216602.06,452259.94,1,1
216608.63,452279.27,216605.44,452279.36,216602.24,452279.35,216598.89,452264.14,216602.05,452258.94,1,1
216608.63,452278.28,216605.43,452278.36,216602.23,452278.36,216598.89,452263.15,216602.04,452257.95,1,1
216608.62,452277.28,216605.42,452277.38,216602.22,452277.37,216598.88,452262.16,216602.03,452256.95,1,1
216608.61,452276.3,216605.41,452276.39,216602.21,452276.38,216598.87,452261.17,216602.02,452255.96,1,1
216608.6,452275.3,216605.4,452275.4,216602.2,452275.38,216598.86,452260.17,216602.01,452254.96,1,1
216608.59,452274.31,216605.39,452274.4,216602.19,452274.39,216598.85,452259.18,216602,452253.97,1,1
216608.58,452273.31,216605.38,452273.4,216602.18,452273.39,216598.84,452258.18,216601.99,452252.98,1,1
216608.57,452272.32,216605.37,452272.4,216602.17,452272.4,216598.83,452257.18,216601.98,452251.99,1,1
216608.56,452271.33,216605.36,452271.42,216602.16,452271.4,216598.82,452256.19,216601.97,452251,1,1
216608.55,452270.35,216605.35,452270.42,216602.15,452270.41,216598.81,452255.19,216601.96,452250,1,1
216608.54,452269.35,216605.34,452269.44,216602.14,452269.42,216598.8,452254.21,216601.96,452249,1,1
216608.53,452268.36,216605.33,452268.45,216602.13,452268.44,216598.79,452253.22,216601.95,452248.01,1,1
216608.52,452267.36,216605.33,452267.46,216602.13,452267.45,216598.78,452252.22,216601.94,452247.01,1,1
216608.52,452266.36,216605.32,452266.46,216602.12,452266.45,216598.78,452251.22,216601.93,452246.02,1,1
216608.51,452265.37,216605.31,452265.47,216602.11,452265.46,216598.77,452250.22,216601.92,452245.02,1,1
216608.5,452264.37,216605.3,452264.48,216602.1,452264.46,216598.76,452249.23,216601.91,452244.03,1,1
216608.49,452263.38,216605.29,452263.49,216602.09,452263.46,216598.75,452248.24,216601.9,452243.05,1,1
216608.48,452262.39,216605.28,452262.5,216602.08,452262.47,216598.74,452247.25,216601.89,452242.06,1,1
216608.47,452261.4,216605.27,452261.5,216602.07,452261.47,216598.73,452246.26,216601.88,452241.07,1,1
216608.46,452260.41,216605.26,452260.5,216602.06,452260.48,216598.72,452245.26,216601.87,452240.09,1,1
216608.45,452259.41,216605.25,452259.51,216602.05,452259.49,216598.71,452244.26,216601.86,452239.1,1,1
216608.44,452258.43,216605.24,452258.52,216602.04,452258.5,216598.7,452243.27,216601.85,452238.11,1,1
216608.43,452257.44,216605.23,452257.53,216602.03,452257.5,216598.69,452242.28,216601.85,452237.11,1,1
216608.42,452256.45,216605.22,452256.53,216602.02,452256.5,216598.68,452241.29,216601.84,452236.12,1,1
216608.42,452255.46,216605.22,452255.54,216602.02,452255.51,216598.67,452240.3,216601.83,452235.12,1,1
216608.41,452254.46,216605.21,452254.55,216602.01,452254.51,216598.67,452239.3,216601.82,452234.12,1,1
216608.4,452253.47,216605.2,452253.56,216602,452253.52,216598.66,452238.31,216601.81,452233.12,1,1
216608.39,452252.47,216605.19,452252.56,216601.99,452252.54,216598.65,452237.32,216601.8,452232.13,1,1
216608.38,452251.48,216605.18,452251.57,216601.98,452251.54,216598.64,452236.32,216601.79,452231.14,1,1
216608.37,452250.48,216605.17,452250.57,216601.97,452250.55,216598.63,452235.32,216601.78,452230.15,1,1
216608.36,452249.49,216605.16,452249.58,216601.96,452249.56,216598.62,452234.33,216601.77,452229.15,1,1
216608.35,452248.5,216605.15,452248.59,216601.95,452248.56,216598.61,452233.34,216601.76,452228.15,1,1
216608.34,452247.5,216605.14,452247.59,216601.94,452247.56,216598.6,452232.35,216601.75,452227.16,1,1
216608.33,452246.51,216605.13,452246.6,216601.93,452246.57,216598.59,452231.36,216601.74,452226.17,1,1
216608.32,452245.53,216605.12,452245.61,216601.92,452245.57,216598.58,452230.37,216601.74,452225.18,1,1
216608.31,452244.53,216605.12,452244.62,216601.91,452244.58,216598.57,452229.38,216601.73,452224.19,1,1
216608.31,452243.54,216605.11,452243.62,216601.91,452243.59,216598.56,452228.38,216601.72,452223.21,1,1
216608.3,452242.56,216605.1,452242.63,216601.9,452242.6,216598.56,452227.39,216601.71,452222.21,1,1
216608.29,452241.57,216605.09,452241.63,216601.89,452241.62,216598.55,452226.39,216601.7,452221.22,1,1
216608.28,452240.58,216605.08,452240.63,216601.88,452240.63,216598.54,452225.41,216601.69,452220.22,1,1
216608.27,452239.58,216605.07,452239.64,216601.87,452239.64,216598.53,452224.42,216601.68,452219.24,1,1
216608.26,452238.59,216605.06,452238.65,216601.86,452238.65,216598.52,452223.43,216601.66,452218.25,1,1
216608.25,452237.61,216605.05,452237.66,216601.85,452237.66,216598.51,452222.44,216601.65,452217.26,1,1
216608.24,452236.62,216605.04,452236.67,216601.84,452236.66,216598.5,452221.45,216601.64,452216.26,1,1
216608.23,452235.63,216605.03,452235.68,216601.83,452235.67,216598.49,452220.45,216601.63,452215.26,1,1
216608.22,452234.64,216605.02,452234.69,216601.82,452234.67,216598.48,452219.46,216601.62,452214.27,1,1
216608.21,452233.65,216605.01,452233.69,216601.81,452233.67,216598.47,452218.47,216601.61,452213.28,1,1
216608.21,452232.65,216605.01,452232.7,216601.8,452232.68,216598.46,452217.47,216601.6,452212.29,1,1
216608.2,452231.66,216605,452231.7,216601.8,452231.68,216598.45,452216.48,216601.59,452211.3,1,1
216608.19,452230.67,216604.99,452230.71,216601.79,452230.69,216598.44,452215.49,216601.57,452210.31,1,1
216608.18,452229.68,216604.98,452229.73,216601.78,452229.7,216598.42,452214.5,216601.56,452209.31,1,1
216608.17,452228.69,216604.97,452228.73,216601.77,452228.7,216598.41,452213.5,216601.55,452208.32,1,1
216608.16,452227.71,216604.96,452227.74,216601.76,452227.71,216598.4,452212.51,216601.54,452207.33,1,1
216608.15,452226.71,216604.95,452226.75,216601.75,452226.72,216598.39,452211.53,216601.53,452206.33,1,1
216608.14,452225.72,216604.94,452225.76,216601.74,452225.73,216598.38,452210.53,216601.52,452205.34,1,1
216608.13,452224.72,216604.93,452224.77,216601.73,452224.74,216598.37,452209.54,216601.51,452204.35,1,1
216608.12,452223.73,216604.92,452223.78,216601.72,452223.74,216598.36,452208.55,216601.5,452203.36,1,1
216608.12,452222.73,216604.92,452222.77,216601.72,452222.76,216598.35,452207.56,216601.49,452202.37,1,1
216608.1,452221.74,216604.9,452221.78,216601.7,452221.78,216598.34,452206.57,216601.47,452201.37,1,1
216608.09,452220.75,216604.89,452220.78,216601.69,452220.79,216598.33,452205.57,216601.46,452200.38,1,1
216608.08,452219.76,216604.88,452219.79,216601.68,452219.79,216598.32,452204.58,216601.45,452199.38,1,1
216608.07,452218.77,216604.87,452218.79,216601.67,452218.81,216598.3,452203.59,216601.44,452198.4,1,1
216608.06,452217.78,216604.86,452217.79,216601.66,452217.82,216598.29,452202.61,216601.43,452197.4,1,1
216608.05,452216.79,216604.85,452216.8,216601.65,452216.82,216598.28,452201.61,216601.42,452196.41,1,1
216608.04,452215.8,216604.84,452215.81,216601.64,452215.82,216598.27,452200.62,216601.41,452195.42,1,1
216608.03,452214.81,216604.83,452214.81,216601.63,452214.83,216598.26,452199.63,216601.4,452194.43,1,1
216608.02,452213.82,216604.81,452213.82,216601.61,452213.83,216598.25,452198.63,216601.38,452193.43,1,1
216608,452212.84,216604.8,452212.82,216601.6,452212.85,216598.24,452197.64,216601.37,452192.43,1,1
216607.99,452211.84,216604.79,452211.83,216601.59,452211.86,216598.23,452196.65,216601.36,452191.43,1,1
216607.98,452210.85,216604.78,452210.84,216601.58,452210.87,216598.22,452195.66,216601.35,452190.44,1,1
216607.97,452209.85,216604.77,452209.86,216601.57,452209.88,216598.21,452194.67,216601.25,452189.46,1,1
216607.96,452208.86,216604.76,452208.87,216601.56,452208.88,216598.2,452193.68,216601.14,452188.47,1,1
216607.95,452207.86,216604.75,452207.88,216601.55,452207.89,216598.18,452192.68,216601.04,452187.5,1,1
216607.94,452206.87,216604.74,452206.88,216601.54,452206.89,216598.17,452191.69,216600.73,452186.56,1,1
216607.93,452205.87,216604.73,452205.89,216601.53,452205.9,216598.16,452190.7,216600.41,452185.62,1,1
216607.91,452204.88,216604.71,452204.9,216601.51,452204.91,216598.11,452189.7,216600.08,452184.69,1,1
216607.9,452203.88,216604.7,452203.91,216601.5,452203.92,216598.04,452188.72,216599.76,452183.76,1,1
216607.89,452202.89,216604.69,452202.92,216601.49,452202.92,216597.97,452187.72,216599.59,452182.78,1,1
216607.88,452201.89,216604.68,452201.92,216601.48,452201.93,216597.74,452186.76,216599.47,452181.8,1,1
216607.87,452200.91,216604.67,452200.93,216601.47,452200.94,216597.49,452185.79,216599.34,452180.83,1,1
216607.86,452199.91,216604.66,452199.93,216601.46,452199.95,216597.13,452184.87,216599.3,452179.84,1,1
216607.85,452198.91,216604.65,452198.94,216601.45,452198.95,216596.77,452183.95,216599.27,452178.84,1,1
216607.84,452197.92,216604.64,452197.94,216601.44,452197.96,216596.43,452183.03,216599.24,452177.84,1,1
216607.82,452196.93,216604.62,452196.95,216601.42,452196.97,216596.09,452182.09,216599.21,452176.85,1,1
216607.81,452195.93,216604.61,452195.96,216601.41,452195.97,216595.75,452181.16,216599.19,452175.85,1,1
216607.8,452194.94,216604.6,452194.97,216601.4,452194.99,216595.56,452180.18,216599.16,452174.86,1,1
216607.79,452193.94,216604.59,452193.98,216601.39,452193.99,216595.48,452179.19,216599.13,452173.87,1,1
216607.78,452192.95,216604.58,452192.99,216601.38,452192.99,216595.4,452178.2,216599.1,452172.88,1,1
216607.77,452191.96,216604.57,452192,216601.37,452192,216595.32,452177.22,216599.07,452171.89,1,1
216607.76,452190.97,216604.56,452191,216601.36,452191,216595.25,452176.23,216599.05,452170.9,1,1
216607.71,452189.98,216604.51,452190.02,216601.31,452190.01,216595.17,452175.25,216599.02,452169.91,1,1
216607.61,452188.99,216604.41,452189.04,216601.2,452189.03,216595.09,452174.26,216598.99,452168.92,1,1
216607.5,452188,216604.3,452188.06,216601.1,452188.05,216595.01,452173.27,216598.96,452167.93,1,1
216607.32,452187.03,216604.12,452187.09,216600.9,452187.08,216594.93,452172.29,216598.94,452166.94,1,1
216607,452186.09,216603.8,452186.15,216600.59,452186.15,216594.85,452171.3,216598.91,452165.95,1,1
216606.68,452185.14,216603.48,452185.2,216600.27,452185.21,216594.77,452170.31,216598.88,452164.96,1,1
216606.36,452184.2,216603.16,452184.27,216599.94,452184.28,216594.7,452169.32,216598.85,452163.97,1,1
216606.07,452183.26,216602.87,452183.32,216599.66,452183.33,216594.62,452168.32,216598.82,452162.98,1,1
216605.94,452182.27,216602.74,452182.34,216599.54,452182.35,216594.54,452167.33,216598.8,452161.99,1,1
216605.82,452181.28,216602.62,452181.35,216599.41,452181.38,216594.46,452166.35,216598.77,452161,1,1
216605.71,452180.29,216602.51,452180.36,216599.31,452180.39,216594.38,452165.37,216598.74,452160,1,1
216605.69,452179.3,216602.49,452179.36,216599.28,452179.39,216594.3,452164.37,216598.71,452159.01,1,1
216605.66,452178.31,216602.46,452178.36,216599.26,452178.4,216594.22,452163.39,216598.68,452158.02,1,1
216605.63,452177.31,216602.43,452177.36,216599.23,452177.4,216594.14,452162.4,216598.66,452157.03,1,1
216605.6,452176.33,216602.4,452176.36,216599.2,452176.41,216594.07,452161.41,216598.63,452156.03,1,1
216605.58,452175.33,216602.37,452175.37,216599.17,452175.42,216593.99,452160.42,216598.6,452155.04,1,1
216605.55,452174.33,216602.35,452174.38,216599.15,452174.43,216593.91,452159.43,216598.57,452154.05,1,1
216605.52,452173.33,216602.32,452173.39,216599.12,452173.44,216593.83,452158.44,216598.55,452153.05,1,1
216605.49,452172.33,216602.29,452172.4,216599.09,452172.45,216593.73,452157.44,216598.52,452152.06,1,1
216605.46,452171.35,216602.26,452171.41,216599.06,452171.46,216593.59,452156.45,216598.49,452151.07,1,1
216605.44,452170.35,216602.23,452170.41,216599.03,452170.47,216593.45,452155.47,216598.46,452150.09,1,1
216605.41,452169.36,216602.21,452169.42,216599.01,452169.48,216593.31,452154.49,216598.43,452149.1,1,1
216605.38,452168.37,216602.18,452168.42,216598.98,452168.48,216593.17,452153.5,216598.41,452148.12,1,1
216605.35,452167.37,216602.15,452167.44,216598.95,452167.5,216593.03,452152.51,216598.38,452147.12,1,1
216605.32,452166.38,216602.12,452166.45,216598.92,452166.51,216592.89,452151.53,216598.35,452146.12,1,1
216605.3,452165.39,216602.1,452165.45,216598.9,452165.52,216592.75,452150.54,216598.32,452145.13,1,1
216605.27,452164.39,216602.07,452164.46,216598.87,452164.53,216592.61,452149.56,216598.29,452144.13,1,1
216605.24,452163.41,216602.04,452163.47,216598.84,452163.54,216592.47,452148.57,216598.27,452143.14,1,1
216605.21,452162.41,216602.01,452162.47,216598.81,452162.55,216592.33,452147.59,216598.24,452142.15,1,1
216605.18,452161.41,216601.98,452161.48,216598.78,452161.56,216592.19,452146.6,216598.21,452141.16,1,1
216605.16,452160.41,216601.96,452160.49,216598.76,452160.56,216592.05,452145.61,216598.18,452140.17,1,1
216605.13,452159.42,216601.93,452159.49,216598.73,452159.56,216591.91,452144.64,216598.16,452139.18,1,1
216605.1,452158.42,216601.9,452158.49,216598.7,452158.57,216591.77,452143.66,216598.13,452138.18,1,1
216605.07,452157.42,216601.87,452157.5,216598.67,452157.59,216591.63,452142.68,216598.1,452137.19,1,1
216605.05,452156.44,216601.84,452156.5,216598.64,452156.59,216591.49,452141.69,216598.07,452136.19,1,1
216605.02,452155.44,216601.82,452155.51,216598.62,452155.6,216591.35,452140.7,216598.04,452135.2,1,1
216604.99,452154.44,216601.79,452154.52,216598.59,452154.6,216591.01,452139.78,216598.02,452134.2,1,1
216604.96,452153.45,216601.76,452153.53,216598.56,452153.61,216590.65,452138.86,216597.99,452133.21,1,1
216604.93,452152.45,216601.73,452152.53,216598.53,452152.61,216590.29,452137.94,216597.96,452132.22,1,1
216604.91,452151.46,216601.71,452151.53,216598.51,452151.63,216589.93,452137.02,216597.93,452131.22,1,1
216604.88,452150.47,216601.68,452150.55,216598.48,452150.64,216589.56,452136.09,216597.9,452130.24,1,1
216604.85,452149.48,216601.65,452149.55,216598.45,452149.66,216589.19,452135.17,216597.88,452129.25,1,1
216604.82,452148.48,216601.62,452148.55,216598.42,452148.67,216588.83,452134.25,216597.85,452128.26,1,1
216604.79,452147.49,216601.59,452147.57,216598.39,452147.67,216588.46,452133.32,216597.82,452127.27,1,1
216604.77,452146.5,216601.57,452146.58,216598.37,452146.68,216588.1,452132.39,216597.79,452126.28,1,1
216604.74,452145.51,216601.54,452145.58,216598.34,452145.68,216587.73,452131.48,216597.77,452125.28,1,1
216604.71,452144.52,216601.51,452144.58,216598.31,452144.69,216587.37,452130.56,216597.74,452124.29,1,1
216604.68,452143.53,216601.48,452143.59,216598.28,452143.7,216587.01,452129.63,216597.71,452123.29,1,1
216604.66,452142.54,216601.45,452142.6,216598.25,452142.71,216586.64,452128.71,216597.68,452122.3,1,1
216604.63,452141.54,216601.43,452141.6,216598.23,452141.72,216586.28,452127.79,216597.65,452121.31,1,1
216604.6,452140.54,216601.4,452140.61,216598.2,452140.73,216585.91,452126.86,216597.63,452120.32,1,1
216604.57,452139.55,216601.37,452139.61,216598.17,452139.74,216585.55,452125.94,216597.6,452119.33,1,1
216604.54,452138.56,216601.34,452138.61,216598.14,452138.74,216585.1,452125.05,216597.57,452118.34,1,1
216604.52,452137.56,216601.31,452137.62,216598.12,452137.74,216584.6,452124.2,216597.54,452117.35,1,1
216604.49,452136.58,216601.29,452136.63,216598.09,452136.74,216584.11,452123.34,216597.51,452116.35,1,1
216604.46,452135.59,216601.26,452135.64,216598.06,452135.75,216583.61,452122.48,216597.49,452115.37,1,1
216604.43,452134.59,216601.23,452134.65,216598.03,452134.76,216583.11,452121.63,216597.46,452114.38,1,1
216604.4,452133.59,216601.2,452133.65,216598,452133.76,216582.62,452120.76,216597.43,452113.38,1,1
216604.38,452132.6,216601.18,452132.65,216597.98,452132.78,216582.12,452119.91,216597.4,452112.39,1,1
216604.35,452131.61,216601.15,452131.66,216597.95,452131.78,216581.62,452119.05,216597.38,452111.4,1,1
216604.32,452130.62,216601.12,452130.67,216597.92,452130.8,216581.02,452118.25,216597.35,452110.41,1,1
216604.29,452129.63,216601.09,452129.67,216597.89,452129.81,216580.37,452117.5,216597.32,452109.42,1,1
216604.27,452128.64,216601.06,452128.68,216597.86,452128.82,216579.71,452116.75,216597.29,452108.43,1,1
216604.24,452127.64,216601.04,452127.68,216597.84,452127.83,216579.06,452116,216597.26,452107.44,1,1
216604.21,452126.64,216601.01,452126.69,216597.81,452126.83,216578.4,452115.25,216597.24,452106.44,1,1
216604.18,452125.64,216600.98,452125.69,216597.78,452125.84,216577.75,452114.5,216597.21,452105.44,1,1
216604.15,452124.65,216600.95,452124.71,216597.75,452124.85,216577.09,452113.75,216597.18,452104.46,1,1
216604.13,452123.66,216600.92,452123.72,216597.73,452123.85,216576.44,452113,216597.15,452103.46,1,1
216604.1,452122.67,216600.9,452122.73,216597.7,452122.85,216575.79,452112.25,216597.13,452102.47,1,1
216604.07,452121.68,216600.87,452121.73,216597.67,452121.86,216575.12,452111.52,216597.1,452101.49,1,1
216604.04,452120.68,216600.84,452120.74,216597.64,452120.88,216574.4,452110.83,216597.07,452100.49,1,1
216604.01,452119.69,216600.81,452119.75,216597.61,452119.88,216573.69,452110.15,216597.04,452099.51,1,1
216603.99,452118.7,216600.79,452118.76,216597.59,452118.89,216572.97,452109.47,216597.01,452098.52,1,1
216603.96,452117.71,216600.76,452117.78,216597.56,452117.9,216572.25,452108.78,216596.99,452097.53,1,1
216603.93,452116.72,216600.73,452116.79,216597.53,452116.91,216571.53,452108.1,216596.96,452096.53,1,1
216603.9,452115.73,216600.7,452115.8,216597.5,452115.93,216570.82,452107.42,216596.93,452095.55,1,1
216603.88,452114.73,216600.67,452114.81,216597.48,452114.93,216570.1,452106.74,216596.9,452094.55,1,1
216603.85,452113.74,216600.65,452113.81,216597.45,452113.93,216569.39,452106.05,216596.88,452093.56,1,1
216603.82,452112.75,216600.62,452112.82,216597.42,452112.95,216568.66,452105.37,216596.85,452092.57,1,1
216603.79,452111.76,216600.59,452111.83,216597.39,452111.96,216567.89,452104.75,216596.82,452091.57,1,1
216603.76,452110.76,216600.56,452110.84,216597.36,452110.97,216567.11,452104.14,216596.79,452090.59,1,1
216603.74,452109.77,216600.54,452109.85,216597.34,452109.98,216566.32,452103.54,216596.76,452089.6,1,1
216603.71,452108.77,216600.51,452108.86,216597.31,452108.98,216565.52,452102.93,216596.72,452088.62,1,1
216603.68,452107.79,216600.48,452107.87,216597.28,452107.99,216564.73,452102.32,216596.67,452087.62,1,1
216603.65,452106.8,216600.45,452106.88,216597.25,452107,216563.94,452101.71,216596.63,452086.62,1,1
216603.63,452105.81,216600.42,452105.88,216597.22,452106,216563.15,452101.11,216596.58,452085.64,1,1
216603.6,452104.82,216600.4,452104.89,216597.2,452105.02,216562.36,452100.5,216596.54,452084.65,1,1
216603.57,452103.82,216600.37,452103.89,216597.17,452104.02,216561.58,452099.9,216596.49,452083.66,1,1
216603.54,452102.83,216600.34,452102.9,216597.14,452103.03,216560.79,452099.3,216596.45,452082.67,1,1
216603.51,452101.83,216600.31,452101.91,216597.11,452102.05,216560,452098.69,216596.41,452081.68,1,1
216603.49,452100.84,216600.28,452100.91,216597.09,452101.05,216559.21,452098.09,216596.36,452080.7,1,1
216603.46,452099.84,216600.26,452099.92,216597.06,452100.06,216558.42,452097.48,216596.32,452079.7,1,1
216603.43,452098.85,216600.23,452098.92,216597.03,452099.08,216557.63,452096.88,216596.27,452078.71,1,1
216603.4,452097.85,216600.2,452097.93,216597,452098.08,216556.84,452096.27,216596.23,452077.71,1,1
216603.37,452096.85,216600.17,452096.94,216596.97,452097.09,216556.06,452095.67,216596.18,452076.73,1,1
216603.35,452095.85,216600.15,452095.96,216596.95,452096.1,216555.24,452095.1,216596.14,452075.73,1,1
216603.32,452094.85,216600.12,452094.97,216596.92,452095.11,216554.38,452094.61,216596.09,452074.74,1,1
216603.29,452093.86,216600.09,452093.97,216596.89,452094.12,216553.52,452094.13,216596.05,452073.75,1,1
216603.26,452092.86,216600.06,452092.98,216596.86,452093.13,216552.65,452093.63,216596.01,452072.76,1,1
216603.23,452091.87,216600.03,452091.99,216596.83,452092.13,216551.79,452093.14,216595.96,452071.77,1,1
216603.21,452090.88,216600.01,452091,216596.81,452091.14,216550.93,452092.66,216595.92,452070.78,1,1
216603.18,452089.89,216599.98,452090,216596.78,452090.16,216550.06,452092.16,216595.87,452069.79,1,1
216603.14,452088.9,216599.94,452089.01,216596.74,452089.17,216549.2,452091.67,216595.83,452068.8,1,1
216603.09,452087.9,216599.89,452088.01,216596.7,452088.18,216548.29,452091.28,216595.78,452067.81,1,1
216603.05,452086.91,216599.85,452087.02,216596.65,452087.18,216547.34,452090.95,216595.74,452066.82,1,1
216603.01,452085.92,216599.81,452086.03,216596.61,452086.19,216546.41,452090.63,216595.69,452065.83,1,1
216602.96,452084.92,216599.76,452085.04,216596.56,452085.2,216545.47,452090.3,216595.65,452064.85,1,1
216602.92,452083.94,216599.72,452084.06,216596.52,452084.22,216544.54,452089.98,216595.61,452063.85,1,1
216602.87,452082.94,216599.67,452083.06,216596.47,452083.23,216543.59,452089.65,216595.56,452062.86,1,1
216602.83,452081.94,216599.63,452082.06,216596.43,452082.24,216542.66,452089.32,216595.52,452061.87,1,1
216602.78,452080.96,216599.58,452081.07,216596.39,452081.25,216541.72,452089,216595.47,452060.88,1,1
216602.74,452079.97,216599.54,452080.07,216596.34,452080.26,216540.76,452088.8,216595.43,452059.88,1,1
216602.69,452078.97,216599.49,452079.09,216596.3,452079.26,216539.77,452088.74,216595.38,452058.89,1,1
216602.65,452077.99,216599.45,452078.1,216596.25,452078.27,216538.78,452088.69,216595.34,452057.91,1,1
216602.6,452077,216599.4,452077.11,216596.21,452077.28,216537.79,452088.64,216595.3,452056.91,1,1
216602.56,452076.01,216599.36,452076.12,216596.16,452076.29,216536.8,452088.58,216595.25,452055.92,1,1
216602.51,452075.02,216599.32,452075.13,216596.12,452075.29,216535.81,452088.53,216595.21,452054.93,1,1
216602.47,452074.03,216599.27,452074.14,216596.07,452074.31,216534.82,452088.48,216595.16,452053.93,1,1
216602.43,452073.03,216599.23,452073.15,216596.03,452073.32,216533.84,452088.43,216595.12,452052.94,1,1
216602.38,452072.04,216599.18,452072.16,216595.99,452072.33,216532.84,452088.37,216595.07,452051.94,1,1
216602.34,452071.05,216599.14,452071.17,216595.94,452071.34,216531.86,452088.32,216595.03,452050.94,1,1
216602.29,452070.06,216599.09,452070.17,216595.9,452070.34,216530.87,452088.27,216594.98,452049.95,1,1
216602.25,452069.06,216599.05,452069.18,216595.85,452069.35,216529.88,452088.21,216594.94,452048.96,1,1
216602.2,452068.07,216599,452068.19,216595.81,452068.37,216528.9,452088.16,216594.89,452047.97,1,1
216602.16,452067.08,216598.96,452067.2,216595.76,452067.37,216527.9,452088.11,216594.85,452046.98,1,1
216602.11,452066.09,216598.92,452066.21,216595.72,452066.39,216526.91,452088.06,216594.81,452046,1,1
216602.07,452065.1,216598.87,452065.22,216595.68,452065.41,216525.93,452088.01,216594.76,452045.01,1,1
216602.02,452064.11,216598.83,452064.23,216595.63,452064.41,216524.94,452088.04,216594.72,452044.01,1,1
216601.98,452063.12,216598.78,452063.24,216595.59,452063.41,216523.96,452088.07,216594.67,452043.02,1,1
216601.93,452062.12,216598.74,452062.25,216595.54,452062.43,216522.97,452088.1,216594.63,452042.03,1,1
216601.89,452061.14,216598.69,452061.26,216595.5,452061.44,216521.98,452088.13,216594.58,452041.03,1,1
216601.85,452060.14,216598.65,452060.27,216595.45,452060.44,216520.98,452088.16,216594.54,452040.04,1,1
216601.8,452059.14,216598.6,452059.28,216595.41,452059.45,216519.99,452088.18,216594.49,452039.05,1,1
216601.76,452058.14,216598.56,452058.28,216595.36,452058.46,216519,452088.21,216594.45,452038.06,1,1
216601.71,452057.15,216598.51,452057.29,216595.32,452057.47,216518.01,452088.24,216594.41,452037.08,1,1
216601.67,452056.16,216598.47,452056.3,216595.28,452056.48,216517.02,452088.27,216594.36,452036.09,1,1
216601.62,452055.16,216598.43,452055.3,216595.23,452055.49,216516.03,452088.3,216594.32,452035.1,1,1
216601.58,452054.18,216598.38,452054.32,216595.19,452054.49,216515.05,452088.41,216594.27,452034.1,1,1
216601.53,452053.19,216598.34,452053.32,216595.14,452053.49,216514.07,452088.59,216594.23,452033.11,1,1
216601.49,452052.2,216598.29,452052.34,216595.1,452052.49,216513.09,452088.78,216594.18,452032.12,1,1
216601.44,452051.21,216598.25,452051.35,216595.05,452051.5,216512.11,452088.96,216594.14,452031.13,1,1
216601.4,452050.21,216598.2,452050.35,216595.01,452050.5,216511.14,452089.15,216594.09,452030.13,1,1
216601.35,452049.22,216598.16,452049.36,216594.96,452049.52,216510.17,452089.33,216594.05,452029.14,1,1
216601.31,452048.23,216598.11,452048.37,216594.92,452048.53,216509.19,452089.51,216594.01,452028.14,1,1
216601.27,452047.24,216598.07,452047.37,216594.88,452047.54,216508.22,452089.69,216593.96,452027.15,1,1
216601.22,452046.25,216598.02,452046.38,216594.83,452046.55,216507.24,452089.88,216593.92,452026.16,1,1
216601.18,452045.26,216597.98,452045.39,216594.79,452045.56,216506.27,452090.06,216593.87,452025.17,1,1
216601.13,452044.27,216597.94,452044.4,216594.74,452044.57,216505.29,452090.24,216593.83,452024.17,1,1
216601.09,452043.27,216597.89,452043.4,216594.7,452043.57,216504.32,452090.43,216593.78,452023.18,1,1
216601.04,452042.29,216597.85,452042.42,216594.65,452042.58,216503.35,452090.61,216593.74,452022.18,1,1
216601,452041.3,216597.8,452041.42,216594.61,452041.59,216502.36,452090.79,216593.69,452021.2,1,1
216600.95,452040.31,216597.76,452040.42,216594.56,452040.6,216501.39,452090.97,216593.65,452020.2,1,1
216600.91,452039.32,216597.71,452039.44,216594.52,452039.61,216500.41,452091.16,216593.61,452019.21,1,1
216600.86,452038.33,216597.67,452038.44,216594.48,452038.62,216499.44,452091.34,216593.56,452018.22,1,1
216600.82,452037.33,216597.62,452037.45,216594.43,452037.63,216498.47,452091.52,216593.52,452017.23,1,1
216600.77,452036.34,216597.58,452036.47,216594.39,452036.65,216497.49,452091.71,216593.47,452016.25,1,1
216600.73,452035.35,216597.53,452035.48,216594.34,452035.65,216496.51,452091.89,216593.43,452015.26,1,1
216600.68,452034.35,216597.49,452034.48,216594.3,452034.66,216495.54,452092.08,216593.38,452014.27,1,1
216600.64,452033.36,216597.45,452033.49,216594.25,452033.67,216494.57,452092.26,216593.34,452013.28,1,1
216600.6,452032.37,216597.4,452032.49,216594.21,452032.67,216494.57,452092.26,216593.28,452012.29,1,1
216600.55,452031.38,216597.36,452031.51,216594.16,452031.68,216494.57,452092.26,216593.21,452011.31,1,1
216600.51,452030.38,216597.31,452030.51,216594.12,452030.69,216494.57,452092.26,216593.14,452010.33,1,1
216600.46,452029.39,216597.27,452029.52,216594.08,452029.69,216494.57,452092.26,216593.07,452009.34,1,1
216600.42,452028.39,216597.22,452028.53,216594.03,452028.7,216494.57,452092.26,216592.99,452008.35,1,1
216600.37,452027.41,216597.18,452027.53,216593.99,452027.71,216494.57,452092.26,216592.92,452007.35,1,1
216600.33,452026.41,216597.13,452026.54,216593.94,452026.72,216494.57,452092.26,216592.85,452006.35,1,1
216600.28,452025.42,216597.09,452025.56,216593.9,452025.72,216494.57,452092.26,216592.78,452005.36,1,1
216600.24,452024.43,216597.04,452024.56,216593.85,452024.73,216494.57,452092.26,216592.71,452004.37,1,1
216600.19,452023.44,216597,452023.56,216593.81,452023.73,216494.57,452092.26,216592.64,452003.38,1,1
216600.15,452022.45,216596.96,452022.58,216593.76,452022.74,216494.57,452092.26,216592.56,452002.38,1,1
216600.1,452021.46,216596.91,452021.59,216593.72,452021.75,216494.57,452092.26,216592.49,452001.39,1,1
216600.06,452020.46,216596.87,452020.6,216593.68,452020.76,216494.57,452092.26,216592.42,452000.4,1,1
216600.02,452019.47,216596.82,452019.61,216593.63,452019.77,216494.57,452092.26,216592.35,451999.4,1,1
216599.97,452018.48,216596.78,452018.62,216593.59,452018.78,216494.57,452092.26,216592.28,451998.42,1,1
216599.93,452017.49,216596.73,452017.62,216593.54,452017.79,216494.57,452092.26,216592.2,451997.43,1,1
216599.88,452016.5,216596.69,452016.63,216593.5,452016.81,216494.57,452092.26,216592.13,451996.44,1,1
216599.84,452015.51,216596.64,452015.63,216593.45,452015.82,216494.57,452092.26,216592.06,451995.46,1,1
216599.79,452014.51,216596.6,452014.64,216593.41,452014.83,216494.57,452092.26,216591.99,451994.47,1,1
216599.75,452013.53,216596.55,452013.64,216593.36,452013.84,216494.57,452092.26,216591.92,451993.49,1,1
216599.7,452012.53,216596.51,452012.65,216593.32,452012.85,216494.57,452092.26,216591.85,451992.5,1,1
216599.63,452011.54,216596.44,452011.66,216593.25,452011.86,216494.57,452092.26,216591.78,451991.52,1,1
216599.56,452010.56,216596.37,452010.66,216593.18,452010.88,216494.57,452092.26,216591.7,451990.53,1,1
216599.49,452009.56,216596.29,452009.67,216593.11,452009.89,216494.57,452092.26,216591.63,451989.53,1,1
216599.42,452008.57,216596.22,452008.68,216593.03,452008.9,216494.57,452092.26,216591.56,451988.55,1,1
216599.35,452007.58,216596.15,452007.69,216592.96,452007.9,216494.57,452092.26,216591.49,451987.56,1,1
216599.28,452006.58,216596.08,452006.69,216592.89,452006.91,216494.57,452092.26,216591.42,451986.57,1,1
216599.2,452005.6,216596.01,452005.7,216592.82,452005.92,216494.57,452092.26,216591.35,451985.58,1,1
216599.13,452004.61,216595.94,452004.71,216592.75,452004.93,216494.57,452092.26,216591.28,451984.6,1,1
216599.06,452003.61,216595.86,452003.71,216592.68,452003.93,216494.57,452092.26,216591.2,451983.61,1,1
216598.99,452002.62,216595.79,452002.72,216592.6,452002.94,216494.57,452092.26,216591.13,451982.63,1,1
216598.92,452001.62,216595.72,452001.73,216592.53,452001.95,216494.57,452092.26,216591.06,451981.64,1,1
216598.84,452000.63,216595.65,452000.74,216592.46,452000.95,216494.57,452092.26,216590.99,451980.66,1,1
216598.77,451999.64,216595.58,451999.76,216592.39,451999.96,216494.57,452092.26,216590.92,451979.67,1,1
216598.7,451998.64,216595.51,451998.77,216592.32,451998.97,216494.57,452092.26,216590.85,451978.68,1,1
216598.63,451997.65,216595.43,451997.78,216592.24,451997.98,216494.57,452092.26,216590.78,451977.69,1,1
216598.56,451996.66,216595.36,451996.79,216592.17,451997,216494.57,452092.26,216590.7,451976.7,1,1
216598.49,451995.68,216595.29,451995.8,216592.1,451996.01,216494.57,452092.26,216590.63,451975.71,1,1
216598.41,451994.69,216595.22,451994.82,216592.03,451995.03,216494.57,452092.26,216590.56,451974.73,1,1
216598.34,451993.69,216595.15,451993.82,216591.96,451994.04,216494.57,452092.26,216590.49,451973.73,1,1
216598.27,451992.7,216595.08,451992.83,216591.89,451993.06,216494.57,452092.26,216590.42,451972.74,1,1
216598.2,451991.7,216595,451991.84,216591.82,451992.07,216494.57,452092.26,216590.35,451971.76,1,1
216598.13,451990.71,216594.93,451990.84,216591.75,451991.09,216494.57,452092.26,216590.27,451970.77,1,1
216598.06,451989.72,216594.86,451989.85,216591.67,451990.09,216494.57,452092.26,216590.2,451969.79,1,1
216597.98,451988.73,216594.79,451988.86,216591.6,451989.1,216494.57,452092.26,216590.13,451968.79,1,1
216597.91,451987.74,216594.72,451987.88,216591.53,451988.12,216494.57,452092.26,216590.06,451967.8,1,1
216597.84,451986.75,216594.65,451986.88,216591.46,451987.13,216494.57,452092.26,216589.99,451966.8,1,1
216597.77,451985.76,216594.57,451985.89,216591.39,451986.14,216494.57,452092.26,216589.92,451965.81,1,1
216597.7,451984.77,216594.5,451984.9,216591.32,451985.16,216494.57,452092.26,216589.84,451964.81,1,1
216597.63,451983.79,216594.43,451983.91,216591.24,451984.17,216494.57,452092.26,216589.77,451963.83,1,1
216597.55,451982.79,216594.36,451982.93,216591.17,451983.18,216494.57,452092.26,216589.7,451962.84,1,1
216597.48,451981.8,216594.29,451981.93,216591.1,451982.2,216494.57,452092.26,216589.63,451961.85,1,1
216597.41,451980.8,216594.22,451980.94,216591.03,451981.21,216494.57,452092.26,216589.56,451960.87,1,1
216597.34,451979.81,216594.14,451979.95,216590.96,451980.23,216494.57,452092.26,216589.49,451959.88,1,1
216597.27,451978.82,216594.07,451978.97,216590.89,451979.24,216494.57,452092.26,216589.41,451958.9,1,1
216597.19,451977.82,216594,451977.99,216590.82,451978.25,216494.57,452092.26,216589.34,451957.91,1,1
216597.12,451976.83,216593.93,451977,216590.74,451977.26,216494.57,452092.26,216589.27,451956.92,1,1
216597.05,451975.84,216593.86,451976.01,216590.67,451976.27,216494.57,452092.26,216589.2,451955.93,1,1
216596.98,451974.85,216593.79,451975.02,216590.6,451975.28,216494.57,452092.26,216589.13,451954.94,1,1
216596.91,451973.87,216593.72,451974.03,216590.53,451974.29,216494.57,452092.26,216589.06,451953.95,1,1
216596.84,451972.87,216593.64,451973.04,216590.46,451973.3,216494.57,452092.26,216588.98,451952.96,1,1
216596.76,451971.88,216593.57,451972.05,216590.39,451972.31,216494.57,452092.26,216588.91,451951.96,1,1
216596.69,451970.88,216593.5,451971.07,216590.31,451971.33,216494.57,452092.26,216588.84,451950.97,1,1
216596.62,451969.89,216593.43,451970.08,216590.24,451970.34,216494.57,452092.26,216588.77,451949.98,1,1
216596.55,451968.91,216593.36,451969.08,216590.17,451969.35,216494.57,452092.26,216588.7,451949,1,1
216596.48,451967.92,216593.29,451968.1,216590.1,451968.35,216494.57,452092.26,216588.63,451948.02,1,1
216596.41,451966.93,216593.21,451967.1,216590.03,451967.36,216494.57,452092.26,216588.56,451947.02,1,1
216596.34,451965.94,216593.14,451966.12,216589.96,451966.36,216494.57,452092.26,216588.48,451946.04,1,1
216596.26,451964.95,216593.07,451965.12,216589.88,451965.37,216494.57,452092.26,216588.41,451945.05,1,1
216596.19,451963.97,216593,451964.13,216589.81,451964.38,216494.57,452092.26,216588.34,451944.06,1,1
216596.12,451962.98,216592.93,451963.15,216589.74,451963.39,216494.57,452092.26,216588.27,451943.07,1,1
216596.05,451961.99,216592.86,451962.16,216589.67,451962.4,216494.57,452092.26,216588.2,451942.08,1,1
216595.98,451960.99,216592.78,451961.17,216589.6,451961.42,216494.57,452092.26,216588.13,451941.09,1,1
216595.91,451960,216592.71,451960.17,216589.53,451960.44,216494.57,452092.26,216588.05,451940.09,1,1
216595.83,451959.01,216592.64,451959.18,216589.46,451959.45,216494.57,452092.26,216587.98,451939.1,1,1
216595.76,451958.02,216592.57,451958.19,216589.38,451958.47,216494.57,452092.26,216587.91,451938.11,1,1
216595.69,451957.02,216592.5,451957.2,216589.31,451957.47,216494.57,452092.26,216587.84,451937.12,1,1
216595.62,451956.03,216592.43,451956.22,216589.24,451956.48,216494.57,452092.26,216587.77,451936.13,1,1
216595.55,451955.03,216592.35,451955.23,216589.17,451955.5,216494.57,452092.26,216587.69,451935.14,1,1
216595.47,451954.04,216592.28,451954.23,216589.1,451954.51,216494.57,452092.26,216587.62,451934.15,1,1
216595.4,451953.06,216592.21,451953.25,216589.02,451953.51,216494.57,452092.26,216587.55,451933.15,1,1
216595.33,451952.07,216592.14,451952.26,216588.95,451952.52,216494.57,452092.26,216587.48,451932.17,1,1
216595.26,451951.09,216592.07,451951.26,216588.88,451951.52,216494.57,452092.26,216587.41,451931.18,1,1
216595.19,451950.1,216592,451950.28,216588.81,451950.54,216494.57,452092.26,216587.34,451930.19,1,1
216595.12,451949.11,216591.93,451949.29,216588.74,451949.55,216494.57,452092.26,216587.26,451929.2,1,1
216595.05,451948.12,216591.85,451948.3,216588.67,451948.57,216494.57,452092.26,216587.19,451928.21,1,1
216594.97,451947.13,216591.78,451947.32,216588.6,451947.58,216494.57,452092.26,216587.12,451927.23,1,1
216594.9,451946.14,216591.71,451946.32,216588.52,451946.59,216494.57,452092.26,216587.05,451926.24,1,1
216594.83,451945.15,216591.64,451945.33,216588.45,451945.6,216494.57,452092.26,216586.98,451925.25,1,1
216594.76,451944.15,216591.57,451944.35,216588.38,451944.61,216494.57,452092.26,216586.91,451924.25,1,1
216594.69,451943.16,216591.5,451943.36,216588.31,451943.62,216494.57,452092.26,216586.84,451923.27,1,1
216594.62,451942.18,216591.42,451942.37,216588.24,451942.63,216494.57,452092.26,216586.76,451922.28,1,1
216594.55,451941.19,216591.35,451941.39,216588.17,451941.64,216494.57,452092.26,216586.69,451921.29,1,1
216594.47,451940.19,216591.28,451940.4,216588.09,451940.65,216494.57,452092.26,216586.62,451920.3,1,1
216594.4,451939.2,216591.21,451939.41,216588.02,451939.65,216494.57,452092.26,216586.55,451919.31,1,1
216594.33,451938.21,216591.14,451938.42,216587.95,451938.67,216494.57,452092.26,216586.48,451918.33,1,1
216594.26,451937.23,216591.07,451937.43,216587.88,451937.67,216494.57,452092.26,216586.41,451917.34,1,1
216594.19,451936.24,216590.99,451936.43,216587.81,451936.69,216494.57,452092.26,216586.33,451916.35,1,1
216594.12,451935.24,216590.92,451935.44,216587.73,451935.69,216494.57,452092.26,216586.26,451915.36,1,1
216594.04,451934.26,216590.85,451934.44,216587.66,451934.7,216494.57,452092.26,216586.19,451914.36,1,1
216593.97,451933.27,216590.78,451933.45,216587.59,451933.71,216494.57,452092.26,216586.12,451913.37,1,1
216593.9,451932.28,216590.71,451932.46,216587.52,451932.72,216494.57,452092.26,216586.05,451912.38,1,1
216593.83,451931.29,216590.64,451931.48,216587.45,451931.74,216494.57,452092.26,216585.98,451911.4,1,1
216593.76,451930.31,216590.56,451930.49,216587.38,451930.74,216494.57,452092.26,216585.9,451910.41,1,1
216593.69,451929.31,216590.49,451929.49,216587.3,451929.75,216494.57,452092.26,216585.83,451909.42,1,1
216593.61,451928.32,216590.42,451928.5,216587.23,451928.77,216494.57,452092.26,216487.98,452463.79,1,1
216593.54,451927.34,216590.35,451927.51,216587.16,451927.79,216494.57,452092.26,216488.98,452463.76,1,1
216593.47,451926.34,216590.28,451926.51,216587.09,451926.8,216494.57,452092.26,216489.97,452463.74,1,1
216593.4,451925.35,216590.21,451925.52,216587.02,451925.8,216494.57,452092.26,216490.96,452463.72,1,1
216592.92,451924.8,216589.73,451924.8,216586.53,451924.8,216494.57,452092.26,216491.96,452463.7,1,1
216592.98,451923.8,216589.79,451923.8,216586.59,451923.8,216494.57,452092.26,216491.96,452463.7,1,1
216592.04,451922.8,216589.85,451922.8,216586.65,451922.8,216494.57,452092.26,216491.96,452463.7,1,1
216592.1,451921.8,216589.91,451921.8,216586.71,451921.8,216494.57,452092.26,216491.96,452463.7,1,1
216592.16,451920.8,216589.97,451920.8,216586.77,451920.8,216494.57,452092.26,216491.96,452463.7,1,1
216592.22,451919.8,216589.03,451919.8,216586.83,451919.8,216494.57,452092.26,216491.96,452463.7,1,1
216592.28,451918.8,216588.09,451918.8,216586.89,451918.8,216494.57,452092.26,216491.96,452463.7,1,1
216592.34,451917.8,216588.15,451917.8,216586.95,451917.8,216494.57,452092.26,216491.96,452463.7,1,1
216592.4,451916.8,216588.21,451916.8,216585.01,451916.8,216494.57,452092.26,216491.96,452463.7,1,1
216591.47,451915.8,216588.27,451915.8,216585.07,451915.8,216494.57,452092.26,216491.96,452463.7,1,1
